-- --------------------------------------------------------
-- 호스트:                          127.0.0.1
-- 서버 버전:                        10.5.9-MariaDB - mariadb.org binary distribution
-- 서버 OS:                        Win64
-- HeidiSQL 버전:                  11.0.0.5919
-- --------------------------------------------------------

/*!40101 SET @OLD_CHARACTER_SET_CLIENT=@@CHARACTER_SET_CLIENT */;
/*!40101 SET NAMES utf8 */;
/*!50503 SET NAMES utf8mb4 */;
/*!40014 SET @OLD_FOREIGN_KEY_CHECKS=@@FOREIGN_KEY_CHECKS, FOREIGN_KEY_CHECKS=0 */;
/*!40101 SET @OLD_SQL_MODE=@@SQL_MODE, SQL_MODE='NO_AUTO_VALUE_ON_ZERO' */;

-- 테이블 used.account 구조 내보내기
CREATE TABLE IF NOT EXISTS `account` (
  `ac_num` int(11) NOT NULL AUTO_INCREMENT,
  `account_nm` varchar(50) CHARACTER SET utf8 DEFAULT NULL,
  `thstrm_nm` varchar(50) CHARACTER SET utf8 DEFAULT NULL,
  `thstrm_amount` bigint(20) DEFAULT NULL,
  PRIMARY KEY (`ac_num`),
  KEY `thstrm_nm` (`thstrm_nm`)
) ENGINE=InnoDB AUTO_INCREMENT=480 DEFAULT CHARSET=latin1;

-- 테이블 데이터 used.account:~134 rows (대략적) 내보내기
/*!40000 ALTER TABLE `account` DISABLE KEYS */;
INSERT INTO `account` (`ac_num`, `account_nm`, `thstrm_nm`, `thstrm_amount`) VALUES
	(346, '유동자산', '제 52 기', 73798549000000),
	(347, '현금및현금성자산', '제 52 기', 989045000000),
	(348, '단기금융상품', '제 52 기', 29101284000000),
	(349, '매출채권', '제 52 기', 24736740000000),
	(350, '미수금', '제 52 기', 1898583000000),
	(351, '선급비용', '제 52 기', 890680000000),
	(352, '재고자산', '제 52 기', 13831372000000),
	(353, '기타유동자산', '제 52 기', 2350845000000),
	(354, '비유동자산', '제 52 기', 155865878000000),
	(355, '기타포괄손익-공정가치금융자산', '제 52 기', 1539659000000),
	(356, '당기손익-공정가치금융자산', '제 52 기', 3107000000),
	(357, '종속기업, 관계기업 및 공동기업 투자', '제 52 기', 56587548000000),
	(358, '유형자산', '제 52 기', 86166924000000),
	(359, '무형자산', '제 52 기', 7002648000000),
	(360, '순확정급여자산', '제 52 기', 1162456000000),
	(361, '이연법인세자산', '제 52 기', 992385000000),
	(362, '기타비유동자산', '제 52 기', 2411151000000),
	(363, '자산총계', '제 52 기', 229664427000000),
	(364, '유동부채', '제 52 기', 44412904000000),
	(365, '매입채무', '제 52 기', 6599025000000),
	(366, '단기차입금', '제 52 기', 12520367000000),
	(367, '미지급금', '제 52 기', 9829541000000),
	(368, '선수금', '제 52 기', 424368000000),
	(369, '예수금', '제 52 기', 432714000000),
	(370, '미지급비용', '제 52 기', 7927017000000),
	(371, '당기법인세부채', '제 52 기', 3556146000000),
	(372, '유동성장기부채', '제 52 기', 87571000000),
	(373, '충당부채', '제 52 기', 2932468000000),
	(374, '기타유동부채', '제 52 기', 103687000000),
	(375, '비유동부채', '제 52 기', 1934799000000),
	(376, '사채', '제 52 기', 31909000000),
	(377, '장기차입금', '제 52 기', 150397000000),
	(378, '장기미지급금', '제 52 기', 1247752000000),
	(379, '장기충당부채', '제 52 기', 503035000000),
	(380, '기타비유동부채', '제 52 기', 1706000000),
	(381, '부채총계', '제 52 기', 46347703000000),
	(382, '자본금', '제 52 기', 897514000000),
	(383, '우선주자본금', '제 52 기', 119467000000),
	(384, '보통주자본금', '제 52 기', 778047000000),
	(385, '주식발행초과금', '제 52 기', 4403893000000),
	(386, '이익잉여금(결손금)', '제 52 기', 178284102000000),
	(387, '기타자본항목', '제 52 기', -268785000000),
	(388, '자본총계', '제 52 기', 183316724000000),
	(389, '부채와자본총계', '제 52 기', 229664427000000),
	(390, '수익(매출액)', '제 52 기', 166311191000000),
	(391, '매출원가', '제 52 기', 116753419000000),
	(392, '매출총이익', '제 52 기', 49557772000000),
	(393, '판매비와관리비', '제 52 기', 29038798000000),
	(394, '영업이익', '제 52 기', 20518974000000),
	(395, '기타수익', '제 52 기', 797494000000),
	(396, '기타비용', '제 52 기', 857242000000),
	(397, '금융수익', '제 52 기', 5676877000000),
	(398, '금융비용', '제 52 기', 5684180000000),
	(399, '법인세비용차감전순이익(손실)', '제 52 기', 20451923000000),
	(400, '법인세비용', '제 52 기', 4836905000000),
	(401, '계속영업이익(손실)', '제 52 기', 15615018000000),
	(402, '당기순이익(손실)', '제 52 기', 15615018000000),
	(403, '기본주당이익(손실)', '제 52 기', 2299),
	(404, '희석주당이익(손실)', '제 52 기', 2299),
	(405, '당기순이익(손실)', '제 52 기', 15615018000000),
	(406, '기타포괄손익', '제 52 기', -549299000000),
	(407, '후속적으로 당기손익으로 재분류되지 않는 포괄손익', '제 52 기', -549299000000),
	(408, '기타포괄손익-공정가치금융자산평가손익', '제 52 기', 93251000000),
	(409, '순확정급여부채(자산) 재측정요소', '제 52 기', -642550000000),
	(410, '후속적으로 당기손익으로 재분류되는 포괄손익', '제 52 기', 0),
	(411, '총포괄손익', '제 52 기', 15065719000000),
	(412, '영업활동 현금흐름', '제 52 기', 37509025000000),
	(413, '영업에서 창출된 현금흐름', '제 52 기', 39541654000000),
	(414, '당기순이익', '제 52 기', 15615018000000),
	(415, '조정', '제 52 기', 24319842000000),
	(416, '영업활동으로 인한 자산부채의 변동', '제 52 기', -393206000000),
	(417, '이자의 수취', '제 52 기', 448323000000),
	(418, '이자의 지급', '제 52 기', 148262000000),
	(419, '배당금 수입', '제 52 기', 129569000000),
	(420, '법인세 납부액', '제 52 기', 2462259000000),
	(421, '투자활동 현금흐름', '제 52 기', -31175575000000),
	(422, '단기금융상품의 순감소(증가)', '제 52 기', -2099892000000),
	(423, '장기금융상품의 처분', '제 52 기', 0),
	(424, '장기금융상품의 취득', '제 52 기', 0),
	(425, '기타포괄손익-공정가치금융자산의 처분', '제 52 기', 503000000),
	(426, '기타포괄손익-공정가치금융자산의 취득', '제 52 기', -204957000000),
	(427, '당기손익-공정가치금융자산의 처분', '제 52 기', 74000000),
	(428, '당기손익-공정가치금융자산의 취득', '제 52 기', 0),
	(429, '종속기업, 관계기업 및 공동기업 투자의 처분', '제 52 기', 22057000000),
	(430, '종속기업, 관계기업 및 공동기업 투자의 취득', '제 52 기', -163456000000),
	(431, '유형자산의 처분', '제 52 기', 431142000000),
	(432, '유형자산의 취득', '제 52 기', 26962042000000),
	(433, '무형자산의 처분', '제 52 기', 1082000000),
	(434, '무형자산의 취득', '제 52 기', 2239834000000),
	(435, '사업결합으로 인한 현금유출액', '제 52 기', 0),
	(436, '기타투자활동으로 인한 현금유출입액', '제 52 기', 39748000000),
	(437, '재무활동 현금흐름', '제 52 기', -7426376000000),
	(438, '단기차입금의 순증가(감소)', '제 52 기', 2326350000000),
	(439, '자기주식의 취득', '제 52 기', 0),
	(440, '사채 및 장기차입금의 상환', '제 52 기', 134443000000),
	(441, '배당금의 지급', '제 52 기', 9618283000000),
	(442, '외화환산으로 인한 현금의 변동', '제 52 기', 54000000),
	(443, '현금및현금성자산의 순증감', '제 52 기', -1092872000000),
	(444, '기초의 현금및현금성자산', '제 52 기', 2081917000000),
	(445, '기말의 현금및현금성자산', '제 52 기', 989045000000),
	(446, '기초자본', '제 52 기', 177870247000000),
	(447, '기초자본', '제 52 기', 280514000000),
	(448, '기초자본', '제 52 기', 172288326000000),
	(449, '기초자본', '제 52 기', 897514000000),
	(450, '기초자본', '제 52 기', 4403893000000),
	(451, '회계정책변경누적효과', '제 52 기', 0),
	(452, '회계정책변경누적효과', '제 52 기', 0),
	(453, '회계정책변경누적효과', '제 52 기', 0),
	(454, '회계정책변경누적효과', '제 52 기', 0),
	(455, '회계정책변경누적효과', '제 52 기', 0),
	(456, '수정후 기초자본', '제 52 기', 177870247000000),
	(457, '수정후 기초자본', '제 52 기', 280514000000),
	(458, '수정후 기초자본', '제 52 기', 172288326000000),
	(459, '수정후 기초자본', '제 52 기', 897514000000),
	(460, '수정후 기초자본', '제 52 기', 4403893000000),
	(461, '당기순이익(손실)', '제 52 기', 15615018000000),
	(462, '당기순이익(손실)', '제 52 기', 15615018000000),
	(463, '기타포괄손익-공정가치금융자산평가손익', '제 52 기', 93251000000),
	(464, '기타포괄손익-공정가치금융자산평가손익', '제 52 기', 93251000000),
	(465, '기타포괄손익-공정가치금융자산평가손익', '제 52 기', 0),
	(466, '순확정급여부채(자산) 재측정요소', '제 52 기', -642550000000),
	(467, '순확정급여부채(자산) 재측정요소', '제 52 기', -642550000000),
	(468, '배당', '제 52 기', 9619242000000),
	(469, '배당', '제 52 기', 9619242000000),
	(470, '자기주식의 취득', '제 52 기', 0),
	(471, '자기주식의 취득', '제 52 기', 0),
	(472, '자기주식의 소각', '제 52 기', 0),
	(473, '자기주식의 소각', '제 52 기', 0),
	(474, '자기주식의 소각', '제 52 기', 0),
	(475, '기말자본', '제 52 기', 183316724000000),
	(476, '기말자본', '제 52 기', -268785000000),
	(477, '기말자본', '제 52 기', 178284102000000),
	(478, '기말자본', '제 52 기', 897514000000),
	(479, '기말자본', '제 52 기', 4403893000000);
/*!40000 ALTER TABLE `account` ENABLE KEYS */;

-- 테이블 used.account_rate 구조 내보내기
CREATE TABLE IF NOT EXISTS `account_rate` (
  `ac_times` varchar(50) CHARACTER SET utf8 NOT NULL,
  `current_rate` int(11) NOT NULL,
  `debt_rate` int(11) NOT NULL,
  `capital_turnover` int(11) NOT NULL,
  `store_turnover` int(11) NOT NULL,
  `credit_turnover` int(11) NOT NULL,
  `sale_income_rate` int(11) NOT NULL,
  PRIMARY KEY (`ac_times`) USING BTREE
) ENGINE=InnoDB DEFAULT CHARSET=latin1;

-- 테이블 데이터 used.account_rate:~0 rows (대략적) 내보내기
/*!40000 ALTER TABLE `account_rate` DISABLE KEYS */;
INSERT INTO `account_rate` (`ac_times`, `current_rate`, `debt_rate`, `capital_turnover`, `store_turnover`, `credit_turnover`, `sale_income_rate`) VALUES
	('제 52 기', 166, 25, 1, 12, 7, 9);
/*!40000 ALTER TABLE `account_rate` ENABLE KEYS */;

-- 테이블 used.address 구조 내보내기
CREATE TABLE IF NOT EXISTS `address` (
  `ad_num` int(11) NOT NULL AUTO_INCREMENT,
  `a_num` int(11) NOT NULL,
  `ad_lat` varchar(50) CHARACTER SET utf8 NOT NULL,
  `ad_lon` varchar(50) CHARACTER SET utf8 NOT NULL,
  `ad_addr` varchar(50) CHARACTER SET utf8 NOT NULL,
  `ad_town` varchar(50) CHARACTER SET utf8 NOT NULL,
  PRIMARY KEY (`ad_num`),
  KEY `a_num` (`a_num`)
) ENGINE=InnoDB AUTO_INCREMENT=99 DEFAULT CHARSET=latin1;

-- 테이블 데이터 used.address:~49 rows (대략적) 내보내기
/*!40000 ALTER TABLE `address` DISABLE KEYS */;
INSERT INTO `address` (`ad_num`, `a_num`, `ad_lat`, `ad_lon`, `ad_addr`, `ad_town`) VALUES
	(2, 20, '37.4849665053325', '127.034757121285', '서울 강남구 강남대로 238 (도곡동, 스카이쏠라빌딩)', '도곡동'),
	(4, 22, '37.0994693510836', '126.83994498363', '경기 화성시 장안면 3.1만세로322번길 10 (어은리)', '어은리'),
	(8, 26, '37.4919609951887', '127.057095314906', '서울 강남구 남부순환로 2907 (대치동, 대치지구대)', '대치동'),
	(9, 27, '37.6444661835855', '127.005876847211', '서울 강북구 4.19로17길 11 (수유동)', '수유동'),
	(10, 28, '37.0996527684079', '126.839982282494', '경기 화성시 장안면 3.1만세로322번길 8 (어은리)', '어은리'),
	(11, 29, '35.1477478746859', '126.940085125088', '광주 동구 2순환로 575 (지산동)', '지산동'),
	(12, 30, '37.5481280339601', '126.83602235212', '서울 강서구 강서로 251 (내발산동, 세란빌딩)', '내발산동'),
	(13, 31, '35.850090312957924', '128.5985236009549', '서울 강남구 압구정로 102 (신사동, 형지제2빌딩)', '신사동'),
	(14, 32, '37.4719190358695', '127.051012027473', '서울 강남구 양재대로 333 (개포동)', '개포동'),
	(16, 34, '37.5182112402056', '127.023150432187', '서울 강남구 가로수길 5 (신사동)', '신사동'),
	(17, 35, '37.54034051708', '126.79667948628', '서울 강서구 대장로 39 (오쇠동)', '오쇠동'),
	(18, 36, '37.4719190358695', '127.051012027473', '서울 강남구 양재대로 333 (개포동)', '개포동'),
	(19, 37, '37.4846145098939', '126.903495668471', '서울 관악구 신사로 3 (신림동, 조원동공중화장실)', '신림동'),
	(20, 38, '37.4816207832791', '127.044692469535', '서울 강남구 양재천로 167 (도곡동)', '도곡동'),
	(21, 39, '37.4781726909959', '127.044983798146', '서울 강남구 개포로 202 (개포동, 석인빌딩)', '개포동'),
	(22, 40, '37.5512951423626', '127.124423444799', '서울 강동구 상암로 6 (암사동)', '암사동'),
	(23, 41, '37.4719190358695', '127.051012027473', '서울 강남구 양재대로 333 (개포동)', '개포동'),
	(26, 44, '35.868500999999995', '128.5906277', '서울 강북구 4.19로11길 6 (수유동)', '수유동'),
	(27, 45, '36.6375346629654', '127.459726819858', '충북 청주시 서원구 1순환로 627 (사창동, 에덴건축)', '사창동'),
	(31, 49, '35.8690869', '128.60009209999998', '서울 강북구 덕릉로 1 (수유동, 석경빌딩)', '수유동'),
	(37, 55, '35.870034', '128.6001331', '서울 강남구 자곡로 16 (세곡동, 공원관리사무소)', '세곡동'),
	(38, 56, 'null', 'null', '서울 관악구 관악로 1 (신림동, 서울대학교)', '신림동'),
	(39, 57, '37.4873318', '126.9283888', '서울 관악구 신림동길 3 (신림동)', '신림동'),
	(40, 58, '37.4873318', '126.9283888', '서울 관악구 신림동길 3 (신림동)', '신림동'),
	(41, 59, '37.4640070', '126.9522394', '서울 관악구 관악로 1 (신림동, 서울대학교)', '신림동'),
	(42, 60, '37.5397048', '126.6661146', '인천 서구 국제대로 416 (심곡동)', '심곡동'),
	(43, 61, '37.5397048', '126.6661146', '인천 서구 국제대로 416 (심곡동)', '심곡동'),
	(67, 85, '37.4668068', '126.9476848', '서울 관악구 신림로 1 (신림동)', '신림동'),
	(71, 89, '37.4640070', '126.9522394', '서울 관악구 관악로 1 (신림동, 서울대학교)', '신림동'),
	(72, 90, '37.5182112', '127.0231651', '서울 강남구 가로수길 5 (신사동)', '신사동'),
	(73, 91, '37.6373108', '127.0053369', '서울 강북구 삼각산로 1 (수유동, 본원정사)', '수유동'),
	(74, 92, '37.4668068', '126.9476848', '서울 관악구 신림로 1 (신림동)', '신림동'),
	(75, 93, '37.4873318', '126.9283888', '서울 관악구 신림동길 3 (신림동)', '신림동'),
	(76, 94, '37.4640070', '126.9522394', '서울 관악구 관악로 1 (신림동, 서울대학교)', '신림동'),
	(77, 95, '35.8766571', '128.6119875', '대구 동구 신암로16길 25 (신천동, 신천자이아파트)', '신천동'),
	(78, 96, '36.4432148', '127.4300449', '대전 대덕구 남경마을로 3 (신탄진동)', '신탄진동'),
	(79, 97, '37.4640070', '126.9522394', '서울 관악구 관악로 1 (신림동, 서울대학교)', '신림동'),
	(80, 98, '37.4640070', '126.9522394', '서울 관악구 관악로 1 (신림동, 서울대학교)', '신림동'),
	(81, 99, '37.4873318', '126.9283888', '서울 관악구 신림동길 3 (신림동)', '신림동'),
	(85, 103, '35.8135344', '128.7732907', '경북 경산시 매봉재길 2 (신천동)', '신천동'),
	(86, 104, '35.8135340', '128.7731140', '경북 경산시 매봉재길 4 (신천동)', '신천동'),
	(87, 105, '35.8135344', '128.7732907', '경북 경산시 매봉재길 2 (신천동)', '신천동'),
	(88, 106, '35.8135344', '128.7732907', '경북 경산시 매봉재길 2 (신천동)', '신천동'),
	(89, 107, '37.4640070', '126.9522394', '서울 관악구 관악로 1 (신림동, 서울대학교)', '신림동'),
	(90, 108, '35.7930369', '128.4399439', '대구 달성군 옥포읍 교항3길 12-7 (신당리)', '신당리'),
	(91, 109, '37.4665250', '127.0949057', '서울 강남구 자곡로 16 (세곡동, 공원관리사무소)', '세곡동'),
	(92, 110, '35.1157104', '126.8752222', '광주 남구 2순환로 1508 (송하동, 톨게이트사무소)', '송하동'),
	(93, 111, '37.4846559', '127.0672555', '서울 강남구 삼성로 11 (개포동, 디에이치아너힐즈)', '개포동'),
	(94, 112, '36.1035394', '128.3643582', '경북 구미시 1공단로 15-37 (광평동)', '광평동'),
	(95, 113, '35.1582650', '129.0583370', '부산 부산진구 새싹로 1 (부전동)', '부전동'),
	(96, 114, '37.5182112', '127.0231651', '서울 강남구 가로수길 5 (신사동)', '신사동'),
	(97, 115, '37.4723769', '127.0517245', '서울 강남구 양재대로 339 (개포동)', '개포동'),
	(98, 116, '37.5591316', '126.8381019', '서울 강서구 강서로 375 (마곡동)', '마곡동');
/*!40000 ALTER TABLE `address` ENABLE KEYS */;

-- 테이블 used.amount 구조 내보내기
CREATE TABLE IF NOT EXISTS `amount` (
  `am_num` int(11) NOT NULL AUTO_INCREMENT,
  `am_tax_free` varchar(45) NOT NULL,
  `am_vat` varchar(45) NOT NULL,
  `am_point` varchar(45) NOT NULL,
  `am_discount` varchar(45) NOT NULL,
  `am_total` varchar(45) NOT NULL,
  `pa_num` int(11) NOT NULL,
  PRIMARY KEY (`am_num`),
  KEY `pa_num` (`pa_num`)
) ENGINE=InnoDB AUTO_INCREMENT=45 DEFAULT CHARSET=utf8;

-- 테이블 데이터 used.amount:~22 rows (대략적) 내보내기
/*!40000 ALTER TABLE `amount` DISABLE KEYS */;
INSERT INTO `amount` (`am_num`, `am_tax_free`, `am_vat`, `am_point`, `am_discount`, `am_total`, `pa_num`) VALUES
	(18, '0', '14', '0', '0', '150', 20),
	(19, '0', '16', '0', '0', '180', 21),
	(20, '0', '13', '0', '0', '140', 22),
	(21, '0', '13', '0', '0', '140', 23),
	(22, '0', '12', '0', '0', '130', 24),
	(23, '0', '12', '0', '0', '130', 25),
	(24, '0', '11', '0', '0', '120', 26),
	(25, '0', '12', '0', '0', '130', 27),
	(26, '0', '36', '0', '0', '400', 28),
	(27, '0', '13', '0', '0', '140', 29),
	(28, '0', '15', '0', '0', '170', 30),
	(29, '0', '27', '0', '0', '300', 31),
	(30, '0', '55', '0', '0', '600', 32),
	(31, '0', '16', '0', '0', '180', 33),
	(32, '0', '145', '0', '0', '1600', 34),
	(33, '0', '15', '0', '0', '160', 35),
	(34, '0', '14', '0', '0', '150', 36),
	(35, '0', '14545', '0', '0', '160000', 37),
	(36, '0', '16', '0', '0', '180', 38),
	(37, '0', '12', '0', '0', '130', 39),
	(38, '0', '14', '0', '0', '150', 40),
	(39, '0', '55', '0', '0', '600', 41),
	(40, '0', '15', '0', '0', '160', 42),
	(41, '0', '15', '0', '0', '170', 43),
	(42, '0', '14', '0', '0', '150', 44),
	(43, '0', '16', '0', '0', '180', 45),
	(44, '0', '11', '0', '0', '120', 46);
/*!40000 ALTER TABLE `amount` ENABLE KEYS */;

-- 테이블 used.auction 구조 내보내기
CREATE TABLE IF NOT EXISTS `auction` (
  `a_num` int(11) NOT NULL AUTO_INCREMENT,
  `a_username` varchar(50) CHARACTER SET utf8 NOT NULL DEFAULT '',
  `a_startdate` date NOT NULL DEFAULT current_timestamp(),
  `a_enddate` varchar(50) CHARACTER SET utf8 NOT NULL,
  `a_startprice` bigint(100) NOT NULL DEFAULT 0,
  `a_sale` tinyint(4) NOT NULL DEFAULT 0 COMMENT '0:false//1: pay // 2:true',
  `a_hits` int(11) NOT NULL DEFAULT 0,
  `a_title` varchar(50) CHARACTER SET utf8 NOT NULL,
  `a_content` mediumtext CHARACTER SET utf8 NOT NULL,
  PRIMARY KEY (`a_num`)
) ENGINE=InnoDB AUTO_INCREMENT=117 DEFAULT CHARSET=latin1;

-- 테이블 데이터 used.auction:~47 rows (대략적) 내보내기
/*!40000 ALTER TABLE `auction` DISABLE KEYS */;
INSERT INTO `auction` (`a_num`, `a_username`, `a_startdate`, `a_enddate`, `a_startprice`, `a_sale`, `a_hits`, `a_title`, `a_content`) VALUES
	(20, 'kk@kk', '2021-04-29', '2021-05-30', 100, 3, 40, '안녕하세용갈', 'ㅇ'),
	(22, 'kk@kk', '2021-04-29', '2021-05-30', 100, 3, 77, '하잉', 'null'),
	(26, 'kk@kk', '2021-04-29', '2021-05-30', 100, 3, 22, '안녕하세요 족발 @@', '안녕하세요 족발 @@'),
	(27, 'kk@kk', '2021-04-29', '2021-05-30', 100, 3, 31, '쪽발', '쪽발'),
	(28, 'kk@kk', '2021-04-29', '2021-05-30', 100, 3, 86, '떡뽁이 먹고싶당', '떡뽁이 먹고싶당'),
	(29, 'c@c', '2021-05-17', '2021-05-30', 100, 3, 39, '꼬기 먹고싶당', '꼬기 먹고싶당'),
	(30, 'c@c', '2021-05-17', '2021-05-30', 100, 3, 27, '네네치킨', '네네치킨'),
	(31, 'c@c', '2021-05-17', '2021-05-30', 100, 3, 54, '하잉', 'ㅇㅇ'),
	(32, 'c@c', '2021-05-17', '2021-05-30', 100, 3, 26, '11', '11'),
	(34, 'c@c', '2021-05-17', '2021-05-30', 100, 3, 9, '안녕하세요 보스커피입니다', '안녕하세요 보스커피입니다'),
	(35, 'c@c', '2021-05-17', '2021-05-30', 100, 3, 8, '로제 떡볶이', '로제 떡볶이'),
	(36, 'c@c', '2021-05-17', '2021-05-30', 100, 3, 27, '배고파 너의 고파', '배고파 너의 고파'),
	(37, 'c@c', '2021-05-17', '2021-05-30', 100, 3, 21, '하잉', '하윙'),
	(38, 'c@c', '2021-05-17', '2021-06-08', 100, 2, 40, '안농안농', '안농'),
	(39, 'c@c', '2021-05-17', '2021-05-30', 100, 3, 11, '하잉하잉', 'ㅇㅇㅇ'),
	(40, 'c@c', '2021-05-17', '2021-05-30', 100, 3, 17, '아잉', '아잉'),
	(41, 'c@c', '2021-05-17', '2021-05-30', 100, 3, 16, '피짜', '피짜'),
	(44, 'c@c', '2021-05-17', '2021-05-30', 100, 3, 32, '11', '11'),
	(45, 'c@c', '2021-05-17', '2021-05-30', 100, 3, 21, '130000', '14'),
	(49, 'kk@kk', '2021-05-17', '2021-06-05', 100, 0, 58, '안녕', '안녕'),
	(55, 'l@l', '2021-05-20', '2021-05-30', 100, 0, 9, '보쌈', '안녕하세요 보쌈 기계를 판매합니다.연식은 별로지만, 품질은 아주 깨끗합니다. '),
	(56, 'e@e', '2021-05-22', '2021-05-30', 100, 3, 12, '테스트 중입니다', '테스트중'),
	(85, 'c@c', '2021-05-29', '2021-06-07', 1500, 3, 11, '333', 'eee'),
	(89, 'e@e', '2021-05-29', '2021-06-07', 130, 0, 43, 'aa', 'aa'),
	(90, 'e@e', '2021-05-29', '2021-06-04', 150, 0, 76, 'ㅂㅂ', 'ㅂㅂ'),
	(92, 'e@e', '2021-05-29', '2021-05-30', 140, 3, 4, 'dd', 'dd'),
	(93, 'e@e', '2021-05-29', '2021-06-06', 149, 3, 6, 'ㄱㄱ', 'ㄱㄱ'),
	(94, 'e@e', '2021-05-29', '2021-06-07', 150000, 3, 4, 'rr', 'rt'),
	(95, 'c@c', '2021-05-29', '2021-06-06', 150, 3, 5, '11', 'qq'),
	(96, 'e@e', '2021-06-02', '2021-06-12', 140, 0, 6, '하잉', '핳'),
	(97, 'e@e', '2021-06-02', '2021-06-19', 130, 0, 15, '11', 'ㅂㅂ'),
	(98, 'kk@kk', '2021-06-02', '2021-06-18', 130, 3, 6, 'qq', 'qq'),
	(99, 'kk@kk', '2021-06-02', '2021-06-11', 160, 3, 5, 'ㄷㄷ', 'ㄷㄷ'),
	(103, 'c@c', '2021-06-04', '2021-06-13', 150, 0, 0, 'test', 'test'),
	(104, 'c@c', '2021-06-04', '2021-06-13', 180, 0, 0, 'test', 'test'),
	(105, 'c@c', '2021-06-04', '2021-06-12', 160, 0, 0, '33', 'ㄷㄷ'),
	(106, 'c@c', '2021-06-04', '2021-06-13', 170, 0, 1, 'test', 'test'),
	(107, 'c@c', '2021-06-08', '2021-06-17', 140, 0, 12, 'test', 'test'),
	(108, 'c@c', '2021-06-08', '2021-06-18', 180, 0, 1, 'dd', 'dd'),
	(109, 'c@c', '2021-06-08', '2021-06-18', 180, 0, 3, 'ㅇㅇㅇ', 'ㅇㅇ'),
	(110, 'c@c', '2021-06-08', '2021-06-18', 123, 0, 0, 'ㅇㅇ', 'ㅇㅇ'),
	(111, 'c@c', '2021-06-08', '2021-06-18', 180, 0, 2, 'ㅇㅇ', 'ㅇㅇ'),
	(112, 'c@c', '2021-06-08', '2021-06-17', 111, 0, 1, 'ㅇㅇ', 'ㅇㅇ'),
	(113, 'c@c', '2021-06-08', '2021-06-16', 160, 0, 0, 'ㄱㄱ', 'ㄱㄱ'),
	(114, 'c@c', '2021-06-09', '2021-06-19', 180, 0, 3, 'dd', 'dd'),
	(115, 'c@c', '2021-06-09', '2021-06-19', 180, 0, 2, 'rr', 'rr'),
	(116, 'c@c', '2021-06-09', '2021-06-22', 160, 0, 7, 'a', 'a');
/*!40000 ALTER TABLE `auction` ENABLE KEYS */;

-- 테이블 used.auc_and_pro 구조 내보내기
CREATE TABLE IF NOT EXISTS `auc_and_pro` (
  `a_num` int(11) NOT NULL,
  `p_num` int(11) NOT NULL,
  PRIMARY KEY (`a_num`,`p_num`)
) ENGINE=InnoDB DEFAULT CHARSET=latin1;

-- 테이블 데이터 used.auc_and_pro:~50 rows (대략적) 내보내기
/*!40000 ALTER TABLE `auc_and_pro` DISABLE KEYS */;
INSERT INTO `auc_and_pro` (`a_num`, `p_num`) VALUES
	(18, 96),
	(20, 98),
	(22, 100),
	(26, 104),
	(27, 105),
	(28, 106),
	(29, 107),
	(30, 108),
	(31, 109),
	(32, 110),
	(34, 112),
	(35, 113),
	(36, 114),
	(37, 115),
	(38, 116),
	(39, 117),
	(40, 118),
	(41, 119),
	(44, 122),
	(45, 123),
	(49, 127),
	(55, 133),
	(56, 134),
	(57, 135),
	(58, 136),
	(59, 137),
	(60, 138),
	(61, 139),
	(85, 163),
	(89, 167),
	(90, 168),
	(91, 169),
	(92, 170),
	(93, 171),
	(94, 172),
	(95, 173),
	(96, 174),
	(97, 175),
	(98, 176),
	(99, 177),
	(103, 181),
	(104, 182),
	(105, 183),
	(106, 184),
	(107, 185),
	(108, 186),
	(109, 187),
	(110, 188),
	(111, 189),
	(112, 190),
	(113, 191),
	(114, 192),
	(115, 193),
	(116, 194);
/*!40000 ALTER TABLE `auc_and_pro` ENABLE KEYS */;

-- 테이블 used.auth 구조 내보내기
CREATE TABLE IF NOT EXISTS `auth` (
  `u_username` varchar(50) CHARACTER SET utf8 NOT NULL,
  `u_auth` varchar(50) CHARACTER SET utf8 NOT NULL,
  PRIMARY KEY (`u_username`,`u_auth`) USING BTREE
) ENGINE=InnoDB DEFAULT CHARSET=latin1;

-- 테이블 데이터 used.auth:~22 rows (대략적) 내보내기
/*!40000 ALTER TABLE `auth` DISABLE KEYS */;
INSERT INTO `auth` (`u_username`, `u_auth`) VALUES
	(' a@a', 'ROLE_USER'),
	('10@10', 'ROLE_USER'),
	('1@1', 'ROLE_USER'),
	('22@22', 'ROLE_USER'),
	('36@36', 'ROLE_USER'),
	('5@5', 'ROLE_USER'),
	('7@7', 'ROLE_USER'),
	('a@a', 'ROLE_USER'),
	('abc@abc', 'ROLE_USER'),
	('b@b', 'ROLE_ADMIN'),
	('c@c', 'ROLE_ADMIN'),
	('c@c', 'ROLE_USER'),
	('e@e', 'ROLE_USER'),
	('f@f', 'ROLE_USER'),
	('g@g', 'ROLE_USER'),
	('h@h', 'ROLE_USER'),
	('kk@kk', 'ROLE_USER'),
	('l@l', 'ROLE_USER'),
	('r@r', 'ROLE_USER'),
	('s@s', 'ROLE_USER'),
	('v@v', 'ROLE_USER'),
	('y@y', 'ROLE_USER');
/*!40000 ALTER TABLE `auth` ENABLE KEYS */;

-- 테이블 used.card 구조 내보내기
CREATE TABLE IF NOT EXISTS `card` (
  `c_num` int(11) NOT NULL AUTO_INCREMENT,
  `c_bin` bigint(30) NOT NULL,
  `c_type` varchar(45) NOT NULL,
  `c_install_month` varchar(45) NOT NULL,
  `c_approved_id` bigint(30) NOT NULL,
  `c_mid` varchar(45) NOT NULL,
  `c_interest_free_install` varchar(45) NOT NULL,
  `pa_num` int(11) NOT NULL,
  PRIMARY KEY (`c_num`),
  KEY `pa_num` (`pa_num`)
) ENGINE=InnoDB AUTO_INCREMENT=42 DEFAULT CHARSET=utf8;

-- 테이블 데이터 used.card:~22 rows (대략적) 내보내기
/*!40000 ALTER TABLE `card` DISABLE KEYS */;
INSERT INTO `card` (`c_num`, `c_bin`, `c_type`, `c_install_month`, `c_approved_id`, `c_mid`, `c_interest_free_install`, `pa_num`) VALUES
	(15, 123456, '신용', '00', 11111111, 'mid', 'N', 20),
	(16, 123456, '신용', '00', 11111111, 'mid', 'N', 21),
	(17, 123456, '신용', '00', 11111111, 'mid', 'N', 22),
	(18, 123456, '신용', '00', 11111111, 'mid', 'N', 23),
	(19, 123456, '신용', '00', 11111111, 'mid', 'N', 24),
	(20, 123456, '신용', '00', 11111111, 'mid', 'N', 25),
	(21, 123456, '신용', '00', 11111111, 'mid', 'N', 26),
	(22, 123456, '신용', '00', 11111111, 'mid', 'N', 27),
	(23, 123456, '신용', '00', 11111111, 'mid', 'N', 28),
	(24, 123456, '신용', '00', 11111111, 'mid', 'N', 29),
	(25, 123456, '신용', '00', 11111111, 'mid', 'N', 30),
	(26, 123456, '신용', '00', 11111111, 'mid', 'N', 31),
	(27, 123456, '신용', '00', 11111111, 'mid', 'N', 32),
	(28, 123456, '신용', '00', 11111111, 'mid', 'N', 33),
	(29, 123456, '신용', '00', 11111111, 'mid', 'N', 34),
	(30, 123456, '신용', '00', 11111111, 'mid', 'N', 35),
	(31, 123456, '신용', '00', 11111111, 'mid', 'N', 36),
	(32, 123456, '신용', '00', 11111111, 'mid', 'N', 37),
	(33, 123456, '신용', '00', 11111111, 'mid', 'N', 38),
	(34, 123456, '신용', '00', 11111111, 'mid', 'N', 39),
	(35, 123456, '신용', '00', 11111111, 'mid', 'N', 40),
	(36, 123456, '신용', '00', 11111111, 'mid', 'N', 41),
	(37, 123456, '신용', '00', 11111111, 'mid', 'N', 42),
	(38, 123456, '신용', '00', 11111111, 'mid', 'N', 43),
	(39, 123456, '신용', '00', 11111111, 'mid', 'N', 44),
	(40, 123456, '신용', '00', 11111111, 'mid', 'N', 45),
	(41, 123456, '신용', '00', 11111111, 'mid', 'N', 46);
/*!40000 ALTER TABLE `card` ENABLE KEYS */;

-- 테이블 used.chat 구조 내보내기
CREATE TABLE IF NOT EXISTS `chat` (
  `ch_num` int(11) NOT NULL AUTO_INCREMENT,
  `ch_seller` varchar(50) CHARACTER SET utf8 NOT NULL,
  `ch_buyer` varchar(50) CHARACTER SET utf8 NOT NULL,
  PRIMARY KEY (`ch_num`) USING BTREE
) ENGINE=InnoDB AUTO_INCREMENT=76 DEFAULT CHARSET=latin1;

-- 테이블 데이터 used.chat:~5 rows (대략적) 내보내기
/*!40000 ALTER TABLE `chat` DISABLE KEYS */;
INSERT INTO `chat` (`ch_num`, `ch_seller`, `ch_buyer`) VALUES
	(71, 'e@e', 'kk@kk'),
	(72, 'c@c', 'kk@kk'),
	(73, 'c@c', 'e@e'),
	(74, 'e@e', 'a@a'),
	(75, 'c@c', 'a@a');
/*!40000 ALTER TABLE `chat` ENABLE KEYS */;

-- 테이블 used.like 구조 내보내기
CREATE TABLE IF NOT EXISTS `like` (
  `a_num` int(11) NOT NULL,
  `l_username` varchar(50) NOT NULL,
  `l_num` int(11) NOT NULL AUTO_INCREMENT,
  PRIMARY KEY (`l_num`)
) ENGINE=InnoDB AUTO_INCREMENT=133 DEFAULT CHARSET=utf8;

-- 테이블 데이터 used.like:~14 rows (대략적) 내보내기
/*!40000 ALTER TABLE `like` DISABLE KEYS */;
INSERT INTO `like` (`a_num`, `l_username`, `l_num`) VALUES
	(29, '1@1', 6),
	(29, 'kk@kk', 12),
	(44, 'e@e', 59),
	(31, 'e@e', 62),
	(27, 'e@e', 63),
	(34, 'l@l', 66),
	(40, 'e@e', 68),
	(39, 'e@e', 71),
	(32, 'kk@kk', 75),
	(40, 'kk@kk', 78),
	(30, 'kk@kk', 79),
	(45, 'e@e', 84),
	(20, 'e@e', 85),
	(89, 'p@p', 119);
/*!40000 ALTER TABLE `like` ENABLE KEYS */;

-- 테이블 used.message 구조 내보내기
CREATE TABLE IF NOT EXISTS `message` (
  `m_num` int(11) NOT NULL AUTO_INCREMENT,
  `ch_num` int(11) NOT NULL,
  `m_username` varchar(50) CHARACTER SET utf8 NOT NULL,
  `m_content` varchar(50) CHARACTER SET utf8 NOT NULL,
  `m_time` datetime NOT NULL DEFAULT current_timestamp(),
  PRIMARY KEY (`m_num`),
  KEY `ca_num` (`ch_num`) USING BTREE
) ENGINE=InnoDB AUTO_INCREMENT=328 DEFAULT CHARSET=latin1;

-- 테이블 데이터 used.message:~4 rows (대략적) 내보내기
/*!40000 ALTER TABLE `message` DISABLE KEYS */;
INSERT INTO `message` (`m_num`, `ch_num`, `m_username`, `m_content`, `m_time`) VALUES
	(323, 72, 'c@c', '안녕하세요 김수영입니다', '2021-06-03 18:54:10'),
	(324, 72, 'c@c', '안녕하세요 김수영입니다', '2021-06-03 18:54:10'),
	(325, 72, 'c@c', '앞으로 잘부탁 드려요', '2021-06-03 18:54:10'),
	(326, 72, 'c@c', 'ㅎㅎ', '2021-06-03 18:54:10'),
	(327, 72, 'c@c', '혹시 금액은 어떻게 생각하세요??', '2021-06-03 18:54:10');
/*!40000 ALTER TABLE `message` ENABLE KEYS */;

-- 테이블 used.offer 구조 내보내기
CREATE TABLE IF NOT EXISTS `offer` (
  `o_num` int(11) NOT NULL AUTO_INCREMENT,
  `a_num` int(11) NOT NULL,
  `o_username` varchar(50) NOT NULL,
  `o_price` bigint(50) NOT NULL,
  `o_time` datetime NOT NULL DEFAULT current_timestamp(),
  `o_select` tinyint(4) NOT NULL DEFAULT 0,
  `o_skip` tinyint(4) NOT NULL DEFAULT 0,
  `o_endtime` datetime DEFAULT NULL,
  PRIMARY KEY (`o_num`) USING BTREE,
  KEY `a_num` (`a_num`),
  KEY `o_username` (`o_username`)
) ENGINE=InnoDB AUTO_INCREMENT=148 DEFAULT CHARSET=utf8;

-- 테이블 데이터 used.offer:~38 rows (대략적) 내보내기
/*!40000 ALTER TABLE `offer` DISABLE KEYS */;
INSERT INTO `offer` (`o_num`, `a_num`, `o_username`, `o_price`, `o_time`, `o_select`, `o_skip`, `o_endtime`) VALUES
	(103, 36, 'e@e', 110, '2021-05-26 10:01:41', 1, 0, '2021-05-29 12:08:36'),
	(104, 32, 'e@e', 120, '2021-05-26 10:01:46', 1, 0, '2021-05-29 12:32:22'),
	(105, 41, 'e@e', 130, '2021-05-26 10:01:57', 1, 0, '2021-05-29 11:40:58'),
	(106, 39, 'e@e', 140, '2021-05-26 10:02:02', 1, 0, '2021-05-27 10:03:23'),
	(107, 34, 'e@e', 150, '2021-05-26 10:02:09', 1, 0, '2021-05-27 10:03:41'),
	(108, 30, 'e@e', 170, '2021-05-26 10:02:16', 1, 0, '2021-05-29 12:09:01'),
	(110, 35, 'e@e', 180, '2021-05-26 10:02:27', 1, 0, '2021-05-27 10:03:32'),
	(111, 36, 'kk@kk', 120, '2021-05-26 10:15:53', 1, 0, '2021-05-29 12:08:36'),
	(112, 44, 'kk@kk', 130, '2021-05-26 10:16:05', 1, 0, '2021-05-27 17:12:14'),
	(113, 56, 'kk@kk', 140, '2021-05-26 10:16:14', 1, 0, '2021-05-27 10:16:43'),
	(114, 40, 'kk@kk', 130, '2021-05-28 11:45:42', 1, 0, '2021-05-29 12:08:22'),
	(115, 37, 'kk@kk', 190, '2021-05-28 11:45:56', 1, 0, '2021-05-30 12:10:43'),
	(116, 32, 'kk@kk', 140, '2021-05-28 11:46:12', 1, 0, '2021-05-29 12:32:22'),
	(118, 55, 'kk@kk', 400, '2021-05-28 12:30:47', 0, 0, NULL),
	(119, 31, 'kk@kk', 400, '2021-05-28 12:30:53', 1, 0, '2021-05-29 12:32:28'),
	(120, 26, 'c@c', 130, '2021-05-28 12:32:10', 1, 0, '2021-06-01 10:13:20'),
	(126, 45, 'e@e', 180, '2021-05-29 09:18:16', 1, 0, '2021-05-30 12:10:05'),
	(127, 55, 'e@e', 600, '2021-05-29 12:09:13', 0, 0, NULL),
	(128, 29, 'e@e', 300, '2021-05-29 12:09:20', 1, 0, '2021-05-30 12:10:28'),
	(129, 22, 'e@e', 600, '2021-05-29 12:09:26', 1, 0, '2021-06-01 10:13:26'),
	(130, 37, 'e@e', 600, '2021-05-29 12:09:34', 1, 0, '2021-05-30 12:10:43'),
	(131, 28, 'e@e', 170, '2021-05-29 12:43:13', 1, 0, '2021-06-01 10:13:08'),
	(132, 85, 'e@e', 1600, '2021-05-29 12:43:30', 1, 0, '2021-05-30 12:43:55'),
	(133, 49, 'e@e', 130, '2021-05-29 13:04:14', 1, 1, '2021-06-01 10:13:03'),
	(134, 93, 'a@a', 150, '2021-05-29 13:09:42', 1, 0, '2021-05-30 13:10:25'),
	(135, 92, 'a@a', 160, '2021-05-29 13:09:47', 1, 0, '2021-05-30 13:10:31'),
	(136, 94, 'a@a', 160000, '2021-05-29 13:34:46', 1, 0, '2021-05-30 13:34:53'),
	(137, 20, 'e@e', 150, '2021-05-29 18:06:13', 1, 0, '2021-06-01 10:13:30'),
	(138, 95, 'a@a', 180, '2021-05-29 18:09:14', 1, 0, '2021-05-30 18:09:18'),
	(139, 27, 'e@e', 160, '2021-05-31 10:03:24', 1, 0, '2021-06-01 10:13:14'),
	(140, 89, 'kk@kk', 140, '2021-06-02 12:27:42', 0, 0, NULL),
	(141, 97, 'kk@kk', 150, '2021-06-02 12:27:49', 0, 0, NULL),
	(142, 97, 'c@c', 160, '2021-06-02 17:36:02', 1, 1, '2021-06-03 12:03:00'),
	(143, 98, 'c@c', 150, '2021-06-02 17:36:07', 1, 0, '2021-06-03 17:36:56'),
	(144, 90, 'c@c', 170, '2021-06-02 17:36:14', 0, 0, NULL),
	(145, 55, 'c@c', 700, '2021-06-03 10:44:15', 1, 0, '2021-06-13 18:27:49'),
	(146, 99, 'c@c', 180, '2021-06-03 11:53:54', 1, 0, '2021-06-04 11:54:45'),
	(147, 38, 'e@e', 120, '2021-06-03 12:25:54', 1, 0, '2021-06-04 12:27:20');
/*!40000 ALTER TABLE `offer` ENABLE KEYS */;

-- 테이블 used.payment 구조 내보내기
CREATE TABLE IF NOT EXISTS `payment` (
  `pa_num` int(11) NOT NULL AUTO_INCREMENT,
  `pa_username` varchar(45) NOT NULL,
  `pa_method` varchar(45) NOT NULL,
  `pa_kind` varchar(45) NOT NULL,
  `pa_quantity` varchar(45) NOT NULL,
  `pa_time` datetime NOT NULL,
  `a_num` int(11) NOT NULL,
  `p_num` int(11) NOT NULL,
  `pa_cop` varchar(45) NOT NULL,
  PRIMARY KEY (`pa_num`),
  KEY `a_num` (`a_num`)
) ENGINE=InnoDB AUTO_INCREMENT=47 DEFAULT CHARSET=utf8;

-- 테이블 데이터 used.payment:~22 rows (대략적) 내보내기
/*!40000 ALTER TABLE `payment` DISABLE KEYS */;
INSERT INTO `payment` (`pa_num`, `pa_username`, `pa_method`, `pa_kind`, `pa_quantity`, `pa_time`, `a_num`, `p_num`, `pa_cop`) VALUES
	(20, 'e@e', 'CARD', '그릴기', '1', '2021-05-26 10:06:05', 34, 112, 'KAKAOPAY'),
	(21, 'e@e', 'CARD', '그릴기', '1', '2021-05-26 10:14:35', 35, 113, 'KAKAOPAY'),
	(22, 'e@e', 'CARD', '냉동 절육기', '1', '2021-05-26 10:15:11', 39, 117, 'KAKAOPAY'),
	(23, 'kk@kk', 'CARD', '커피머신', '1', '2021-05-26 10:23:02', 56, 134, 'KAKAOPAY'),
	(24, 'kk@kk', 'CARD', '커피머신', '1', '2021-05-26 17:12:48', 44, 122, 'KAKAOPAY'),
	(25, 'e@e', 'CARD', '커피머신', '1', '2021-05-28 11:44:08', 41, 119, 'KAKAOPAY'),
	(26, 'kk@kk', 'CARD', '그릴기', '1', '2021-05-28 12:29:10', 36, 114, 'KAKAOPAY'),
	(27, 'kk@kk', 'CARD', '그릴기', '1', '2021-05-28 12:29:28', 40, 118, 'KAKAOPAY'),
	(28, 'kk@kk', 'CARD', '제빙기', '1', '2021-05-28 12:32:58', 31, 109, 'KAKAOPAY'),
	(29, 'kk@kk', 'CARD', '그릴기', '1', '2021-05-28 19:39:39', 32, 110, 'KAKAOPAY'),
	(30, 'e@e', 'CARD', '냉동 절육기', '1', '2021-05-28 19:40:14', 30, 108, 'KAKAOPAY'),
	(31, 'e@e', 'CARD', '냉동 절육기', '1', '2021-05-29 12:12:34', 29, 107, 'KAKAOPAY'),
	(32, 'e@e', 'CARD', '작업대', '1', '2021-05-29 12:12:58', 37, 115, 'KAKAOPAY'),
	(33, 'e@e', 'CARD', '커피머신', '1', '2021-05-29 12:13:22', 45, 123, 'KAKAOPAY'),
	(34, 'e@e', 'CARD', '제빙기', '1', '2021-05-29 12:53:20', 85, 163, 'KAKAOPAY'),
	(35, 'a@a', 'CARD', '그릴기', '1', '2021-05-29 13:12:34', 92, 170, 'KAKAOPAY'),
	(36, 'a@a', 'CARD', '냉동 절육기', '1', '2021-05-29 13:29:32', 93, 171, 'KAKAOPAY'),
	(37, 'a@a', 'CARD', '냉동 절육기', '1', '2021-05-29 13:36:08', 94, 172, 'KAKAOPAY'),
	(38, 'a@a', 'CARD', '냉동 절육기', '1', '2021-05-29 18:15:51', 95, 173, 'KAKAOPAY'),
	(39, 'c@c', 'CARD', '커피머신', '1', '2021-05-31 11:52:08', 26, 104, 'KAKAOPAY'),
	(40, 'e@e', 'CARD', '냉동 절육기', '1', '2021-05-31 11:53:18', 20, 98, 'KAKAOPAY'),
	(41, 'e@e', 'CARD', '벽선단', '1', '2021-05-31 12:00:20', 22, 100, 'KAKAOPAY'),
	(42, 'e@e', 'CARD', '커피머신', '1', '2021-05-31 12:02:18', 27, 105, 'KAKAOPAY'),
	(43, 'e@e', 'CARD', '커피머신', '1', '2021-05-31 12:02:52', 28, 106, 'KAKAOPAY'),
	(44, 'c@c', 'CARD', '그릴기', '1', '2021-06-02 17:38:23', 98, 176, 'KAKAOPAY'),
	(45, 'c@c', 'CARD', '냉동 절육기', '1', '2021-06-03 11:57:30', 99, 177, 'KAKAOPAY'),
	(46, 'e@e', 'CARD', '커피머신', '1', '2021-06-03 12:28:24', 38, 116, 'KAKAOPAY');
/*!40000 ALTER TABLE `payment` ENABLE KEYS */;

-- 테이블 used.picture 구조 내보내기
CREATE TABLE IF NOT EXISTS `picture` (
  `p_num` int(11) NOT NULL,
  `pi_num` int(11) NOT NULL AUTO_INCREMENT,
  `pi_name` varchar(100) CHARACTER SET utf8 DEFAULT NULL,
  PRIMARY KEY (`pi_num`,`p_num`) USING BTREE
) ENGINE=InnoDB AUTO_INCREMENT=294 DEFAULT CHARSET=latin1;

-- 테이블 데이터 used.picture:~65 rows (대략적) 내보내기
/*!40000 ALTER TABLE `picture` DISABLE KEYS */;
INSERT INTO `picture` (`p_num`, `pi_num`, `pi_name`) VALUES
	(100, 151, 'aaddfffrrss.jpeg'),
	(98, 155, 'aaddfffrrss.jpeg'),
	(104, 156, 'aaddfffrrss.jpeg'),
	(104, 157, 'aaddfffrrss.jpeg'),
	(105, 158, 'aaddfffrrss.jpeg'),
	(106, 159, 'aaddfffrrss.jpeg'),
	(107, 160, 'aaddfffrrss.jpeg'),
	(108, 161, 'aaddfffrrss.jpeg'),
	(110, 163, 'aaddfffrrss.jpeg'),
	(110, 164, 'aaddfffrrss.jpeg'),
	(112, 167, 'aaddfffrrss.jpeg'),
	(112, 168, 'aaddfffrrss.jpeg'),
	(113, 169, 'aaddfffrrss.jpeg'),
	(113, 170, 'aaddfffrrss.jpeg'),
	(114, 171, 'aaddfffrrss.jpeg'),
	(114, 172, 'aaddfffrrss.jpeg'),
	(115, 173, 'aaddfffrrss.jpeg'),
	(115, 174, 'aaddfffrrss.jpeg'),
	(116, 175, 'aaddfffrrss.jpeg'),
	(116, 176, 'aaddfffrrss.jpeg'),
	(117, 177, 'aaddfffrrss.jpeg'),
	(117, 178, 'aaddfffrrss.jpeg'),
	(118, 179, 'aaddfffrrss.jpeg'),
	(118, 180, 'aaddfffrrss.jpeg'),
	(119, 181, 'aaddfffrrss.jpeg'),
	(119, 182, 'aaddfffrrss.jpeg'),
	(123, 187, 'aaddfffrrss.jpeg'),
	(127, 191, 'aaddfffrrss.jpeg'),
	(109, 192, 'aaddfffrrss.jpeg'),
	(122, 215, 'aaddfffrrss.jpeg'),
	(122, 216, 'aaddfffrrss.jpeg'),
	(133, 220, 'aaddfffrrss.jpeg'),
	(133, 221, 'aaddfffrrss.jpeg'),
	(134, 222, 'aaddfffrrss.jpeg'),
	(134, 223, 'aaddfffrrss.jpeg'),
	(134, 224, 'aaddfffrrss.jpeg'),
	(137, 225, 'aaddfffrrss.jpeg'),
	(163, 250, 'aaddfffrrss.jpeg'),
	(163, 251, 'aaddfffrrss.jpeg'),
	(167, 257, 'aaddfffrrss.jpeg'),
	(167, 258, 'aaddfffrrss.jpeg'),
	(168, 260, 'aaddfffrrss.jpeg'),
	(170, 261, 'aaddfffrrss.jpeg'),
	(170, 262, 'aaddfffrrss.jpeg'),
	(171, 263, 'aaddfffrrss.jpeg'),
	(172, 264, 'aaddfffrrss.jpeg'),
	(168, 265, 'aaddfffrrss.jpeg'),
	(173, 266, 'aaddfffrrss.jpeg'),
	(174, 267, 'aaddfffrrss.jpeg'),
	(175, 268, 'aaddfffrrss.jpeg'),
	(176, 269, 'aaddfffrrss.jpeg'),
	(177, 270, 'aaddfffrrss.jpeg'),
	(181, 277, 'aaddfffrrss.jpeg'),
	(181, 278, 'aaddfffrrss.jpeg'),
	(182, 279, 'aaddfffrrss.jpeg'),
	(183, 280, 'aaddfffrrss.jpeg'),
	(184, 281, 'aaddfffrrss.jpeg'),
	(184, 282, 'aaddfffrrss.jpeg'),
	(185, 283, 'aaddfffrrss.jpeg'),
	(186, 284, 'aaddfffrrss.jpeg'),
	(187, 285, 'aaddfffrrss.jpeg'),
	(188, 286, 'aaddfffrrss.jpeg'),
	(189, 287, 'aaddfffrrss.jpeg'),
	(190, 288, 'aaddfffrrss.jpeg'),
	(191, 289, 'aaddfffrrss.jpeg'),
	(192, 290, 'aaddfffrrss.jpeg'),
	(193, 291, 'aaddfffrrss.jpeg'),
	(194, 293, '4b5fa141-27be-45e1-987c-0d91b1b6294d20210612124510.jpg');
/*!40000 ALTER TABLE `picture` ENABLE KEYS */;

-- 테이블 used.product 구조 내보내기
CREATE TABLE IF NOT EXISTS `product` (
  `p_num` int(11) NOT NULL AUTO_INCREMENT,
  `p_brand` varchar(50) NOT NULL,
  `p_kind` varchar(50) NOT NULL,
  `p_industry` varchar(50) NOT NULL,
  `p_year` varchar(50) NOT NULL,
  PRIMARY KEY (`p_num`) USING BTREE
) ENGINE=InnoDB AUTO_INCREMENT=195 DEFAULT CHARSET=utf8;

-- 테이블 데이터 used.product:~49 rows (대략적) 내보내기
/*!40000 ALTER TABLE `product` DISABLE KEYS */;
INSERT INTO `product` (`p_num`, `p_brand`, `p_kind`, `p_industry`, `p_year`) VALUES
	(98, 'ㅇ', '냉동 절육기', '카페/베이커리', '1986'),
	(100, 'null', '벽선단', '족발/ 보쌈', '1987'),
	(104, '족발', '커피머신', '카페/베이커리', '1988'),
	(105, '쪽발', '커피머신', '카페/베이커리', '1988'),
	(106, '떡뽁이', '커피머신', '카페/베이커리', '1989'),
	(107, '꼬기', '냉동 절육기', '배달전문점', '1996'),
	(108, '네네치킨', '냉동 절육기', '치킨', '1987'),
	(109, 'ㅇㅇㅇ', '제빙기', '찜/탕', '1988'),
	(110, '11', '그릴기', '호프/술집', '1996'),
	(112, '보스', '그릴기', '카페/베이커리', '1989'),
	(113, '로제', '그릴기', '한식', '1989'),
	(114, '배고', '그릴기', '카페/베이커리', '1989'),
	(115, '하ㅏ잉', '작업대', '호프/술집', '1989'),
	(116, 'ㅇㄴ', '커피머신', '배달전문점', '1987'),
	(117, 'ㅇㅇ', '냉동 절육기', '호프/술집', '1994'),
	(118, '아잉', '그릴기', '배달전문점', '1981'),
	(119, '피짜', '커피머신', '피자/샐러드', '1988'),
	(122, '11', '커피머신', '면요리', '1987'),
	(123, '14', '커피머신', '배달전문점', '1989'),
	(127, '신천', '그릴기', '고기/구이', '1987'),
	(133, '보쌈', '그릴기', '치킨', '1990'),
	(134, '대우', '커피머신', '고기/구이', '1993'),
	(135, 'qq', '냉동 절육기', '족발/ 보쌈', '1975'),
	(136, 'qq', '냉동 절육기', '족발/ 보쌈', '1975'),
	(137, 'qq', '냉동 절육기', '족발/ 보쌈', '1974'),
	(138, '11', '냉동 절육기', '치킨', '1974'),
	(139, '11', '냉동 절육기', '치킨', '1974'),
	(163, 'ee', '제빙기', '치킨', '2001'),
	(167, 'aa', '냉동 절육기', '면요리', '1987'),
	(168, 'ㅂㅂ', '제빙기', '족발/ 보쌈', '2000'),
	(169, 'r', '냉동 절육기', '족발/ 보쌈', '2002'),
	(170, 'd', '그릴기', '면요리', '1975'),
	(171, 'ㄱㄱ', '냉동 절육기', '치킨', '1986'),
	(172, 'tt', '냉동 절육기', '치킨', '2014'),
	(173, 'qq', '냉동 절육기', '면요리', '1991'),
	(174, '랼', '그릴기', '족발/ 보쌈', '2007'),
	(175, 'ㅈㅂ', '제빙기', '족발/ 보쌈', '2008'),
	(176, 'qq', '그릴기', '족발/ 보쌈', '2000'),
	(177, 'ㄷㄷ', '냉동 절육기', '족발/ 보쌈', '1993'),
	(181, 'test', '오븐기', '고기/구이', '2002'),
	(182, 'test', '그릴기', '족발/ 보쌈', '1998'),
	(183, 'ㄷㄷ', '냉동 절육기', '족발/ 보쌈', '1974'),
	(184, 'test', '냉동 절육기', '치킨', '1997'),
	(185, 'test', '그릴기', '면요리', '1989'),
	(186, 'dd', '제빙기', '면요리', '1987'),
	(187, 'ㅇㅇㅇ', '튀김기', '족발/ 보쌈', '1988'),
	(188, 'ㅇㅇ', '냉동 절육기', '호프/술집', '1987'),
	(189, 'ㅇㅇ', '회전국솥', '호프/술집', '1988'),
	(190, 'ㅇㅇ', '냉동 절육기', '호프/술집', '1987'),
	(191, 'ㄱㄱ', '오븐기', '족발/ 보쌈', '1988'),
	(192, 'dd', '냉동 절육기', '호프/술집', '1987'),
	(193, 'rr', '냉동 절육기', '족발/ 보쌈', '1990'),
	(194, 'a', '냉동 절육기', '면요리', '1987');
/*!40000 ALTER TABLE `product` ENABLE KEYS */;

-- 테이블 used.spring_session 구조 내보내기
CREATE TABLE IF NOT EXISTS `spring_session` (
  `PRIMARY_ID` char(36) NOT NULL,
  `SESSION_ID` char(36) NOT NULL,
  `CREATION_TIME` bigint(20) NOT NULL,
  `LAST_ACCESS_TIME` bigint(20) NOT NULL,
  `MAX_INACTIVE_INTERVAL` int(11) NOT NULL,
  `EXPIRY_TIME` bigint(20) NOT NULL,
  `PRINCIPAL_NAME` varchar(100) DEFAULT NULL,
  PRIMARY KEY (`PRIMARY_ID`),
  UNIQUE KEY `SPRING_SESSION_IX1` (`SESSION_ID`),
  KEY `SPRING_SESSION_IX2` (`EXPIRY_TIME`),
  KEY `SPRING_SESSION_IX3` (`PRINCIPAL_NAME`)
) ENGINE=InnoDB DEFAULT CHARSET=utf8 ROW_FORMAT=DYNAMIC;

-- 테이블 데이터 used.spring_session:~0 rows (대략적) 내보내기
/*!40000 ALTER TABLE `spring_session` DISABLE KEYS */;
/*!40000 ALTER TABLE `spring_session` ENABLE KEYS */;

-- 테이블 used.spring_session_attributes 구조 내보내기
CREATE TABLE IF NOT EXISTS `spring_session_attributes` (
  `SESSION_PRIMARY_ID` char(36) NOT NULL,
  `ATTRIBUTE_NAME` varchar(200) NOT NULL,
  `ATTRIBUTE_BYTES` blob NOT NULL,
  PRIMARY KEY (`SESSION_PRIMARY_ID`,`ATTRIBUTE_NAME`),
  CONSTRAINT `SPRING_SESSION_ATTRIBUTES_FK` FOREIGN KEY (`SESSION_PRIMARY_ID`) REFERENCES `spring_session` (`PRIMARY_ID`) ON DELETE CASCADE
) ENGINE=InnoDB DEFAULT CHARSET=utf8 ROW_FORMAT=DYNAMIC;

-- 테이블 데이터 used.spring_session_attributes:~0 rows (대략적) 내보내기
/*!40000 ALTER TABLE `spring_session_attributes` DISABLE KEYS */;
/*!40000 ALTER TABLE `spring_session_attributes` ENABLE KEYS */;

-- 테이블 used.turnover 구조 내보내기
CREATE TABLE IF NOT EXISTS `turnover` (
  `t_num` int(11) NOT NULL AUTO_INCREMENT,
  `t_year` year(4) NOT NULL,
  `t_month` int(11) NOT NULL,
  `t_amount` bigint(100) NOT NULL,
  PRIMARY KEY (`t_num`) USING BTREE
) ENGINE=InnoDB AUTO_INCREMENT=6 DEFAULT CHARSET=latin1;

-- 테이블 데이터 used.turnover:~5 rows (대략적) 내보내기
/*!40000 ALTER TABLE `turnover` DISABLE KEYS */;
INSERT INTO `turnover` (`t_num`, `t_year`, `t_month`, `t_amount`) VALUES
	(1, '2021', 1, 100000000),
	(2, '2021', 2, 90000000),
	(3, '2021', 3, 120000000),
	(4, '2021', 4, 180000000),
	(5, '2020', 12, 170000000);
/*!40000 ALTER TABLE `turnover` ENABLE KEYS */;

-- 테이블 used.user 구조 내보내기
CREATE TABLE IF NOT EXISTS `user` (
  `u_num` int(11) NOT NULL AUTO_INCREMENT,
  `u_password` varchar(500) NOT NULL,
  `u_name` varchar(50) NOT NULL,
  `u_username` varchar(50) NOT NULL,
  `u_address` varchar(50) NOT NULL,
  `u_phone` varchar(50) NOT NULL,
  `u_isAccountNonLocked` tinyint(4) DEFAULT NULL,
  `u_isAccountNonExpired` tinyint(4) DEFAULT NULL,
  `u_isCredentialsNonExpired` tinyint(4) DEFAULT NULL,
  `u_isEnabled` tinyint(4) DEFAULT NULL,
  PRIMARY KEY (`u_num`)
) ENGINE=InnoDB AUTO_INCREMENT=58 DEFAULT CHARSET=utf8;

-- 테이블 데이터 used.user:~25 rows (대략적) 내보내기
/*!40000 ALTER TABLE `user` DISABLE KEYS */;
INSERT INTO `user` (`u_num`, `u_password`, `u_name`, `u_username`, `u_address`, `u_phone`, `u_isAccountNonLocked`, `u_isAccountNonExpired`, `u_isCredentialsNonExpired`, `u_isEnabled`) VALUES
	(10, '$2a$10$r6q5gnGARo6ocgu3Cs02KuzQRlG7KiWhSPbG/icWWi/wre0jAuHSG', '3', '33@33', '대구 북구 3공단로 5 (노원동3가)', '3', 1, 1, 1, 1),
	(14, '$2a$10$/V4ipj5XM3aJPgvFmiB7quMcSZrUsyNAGwk6tOu/r5XCQZeissFyO', 'yt', 'y@y', '서울 강북구 덕릉로10길 23 (수유동, H.Y하우스)', 'y@y', 1, 1, 1, 1),
	(31, '$2a$10$NKtEw8DcbnlWxv3qXbL3tewYF6xLehkklG.HE/qrrUmVbH0eI1Ozu', '10', '10@10', '경기 화성시 10용사로 49 (병점동)', '10', 1, 1, 1, 1),
	(32, '$2a$10$eEmKevWXhD.wZAZurlHYxOjATEeRdBO0e3eNngj6GVvzNjB//F7hy', '15', '15@15', '서울 강서구 곰달래로15가길 15 (화곡동, 해오름빌)', '1515', 1, 1, 1, 1),
	(33, '$2a$10$714FWROcOZXnXeeeb2xnru2aijjg8olOojgPfUzl2tgS7dIgx4Q.m', '16', '16@16', '서울 광진구 영화사로16가길 4 (구의동, 둥지하이츠)', '1616', 1, 1, 1, 1),
	(36, '$2a$10$OpHmhNnRwmzgUf0dewz1i.t1BwtpGzRZHwaIYqNU9AqHIPWqWsWMy', '2', '22@22', '광주 광산구 2순환로 2482 (신가동)', '2', 1, 1, 1, 1),
	(37, '$2a$10$VoxetuHEZnnJ5iJrQGZYtu0gL8XdRD0M5EHYTkKT.SySYbyd8WziO', 'yy', 'y@y', '서울 강북구 덕릉로10길 23 (수유동, H.Y하우스)', '010888888888', 1, 1, 1, 1),
	(38, '$2a$10$Z6gYnqwcySwtX.YgYsmbrOeVbNPcdSPJvlcL2CqzFefpU8o27cqm2', 'a', 'a@a', '서울 강서구 강서로 375 (마곡동)', '01083747388', 1, 1, 1, 1),
	(39, '$2a$10$WsRJaMq33NSRnQ9fSCB41OopVs/MYygHtiHIWJ9tiKz.KbYrmudbC', '5', '5@5', '전남 구례군 구례읍 5일시장길 3-1 (봉동리)', '01000000000', 1, 1, 1, 1),
	(40, '$2a$10$dcgZ6am7T2M9CeyEKAnnheE2rs.nWp6VXRdfWNRAH4xf96OYzbdXK', 'kkfk', 'kk@kk', '서울 관악구 신림로 1 (신림동)', '144', 1, 1, 1, 1),
	(41, '$2a$10$83BDV0kYr2l.t.6SFh5AfuxjGk7H0mz5a20Olkv5jHnhbsPeBouZO', '7', '7@7', '부산 기장군 장안읍 에코산단로 8 (기룡리)', '01022222222', 1, 1, 1, 1),
	(42, '$2a$10$qDdJQC9Dd.k5cbnaRqLPwOxGHhPbi.Bgq4bNbpOyZn5IFnEFgfXl2', '10', '10@10', '경기 화성시 10용사로 49 (병점동)', '01088888888', 1, 1, 1, 1),
	(43, '$2a$10$SrHFjMeelAKY1VENABSz7O9vf9HjLfl54mH.2185.gRuPHluXsQXG', 'g', 'g@g', '서울 강남구 헌릉로 569 (세곡동)', '1111111111', 1, 1, 1, 1),
	(44, '$2a$10$KsF9bzpypIlMFKVpxAxz1.ee1j1ozFes.w6NGg7xSsyJAFu8EAG8G', 'f', 'f@f', '인천 서구 로봇랜드로 33 (원창동)', '01083747388', 1, 1, 1, 1),
	(45, '$2a$10$TqIPNr2n/Dl/XJgdMQEoeuD8mldlSY40PpgpE2RdafdgdmcXFwYtG', '샤량', 'c@c', '대구 중구 국채보상로 446 (대신동)', '333', 1, 1, 1, 1),
	(46, '$2a$10$3pL1MP4FqZpyW.CL6QNJAO2hoN4zXyeQ9u/6LqvZEUS79s6/f2uJu', '1', '1@1', '충북 청주시 청원구 1순환로 42 (율량동, 화장실)', '01083747388', 1, 1, 1, 1),
	(47, '$2a$10$7xypiJWN.ByoNaVJkVcIEOXz8p03JC7PZFQn43eOds4PjSY19xVKm', 's', 's@s', '서울 강서구 남부순환로 5 (공항동)', '01022222222', 1, 1, 1, 1),
	(48, '$2a$10$EfcOPsuIiCdcShv3FUGQGeRGRo9IiQ0RWKqB6uP9ttoRMbZHRH.va', 'v', 'v@v', '서울 서대문구 포방터길 3 (홍제동, 한빛월드빌)', '12331233', 1, 1, 1, 1),
	(49, '$2a$10$.czohBskDBwn2OWi0pdLPubN5nAw2z1rndzRdfHcBd.cq/u6Vjlu.', 'b', 'b@b', '대구 동구 갓바위로 3 (진인동)', '012234555', 1, 1, 1, 1),
	(50, '$2a$10$FXAa7golG1aGmea3rNSi9ueK2LNtqHCnSmMHUjLG1wKUlAQPvRoOq', 'h', 'h@h', '부산 강서구 르노삼성대로 14 (신호동)', '0101', 1, 1, 1, 1),
	(51, '$2a$10$OII1d.b7R31iBEt7C3Zs1.Rk0NN8NjIPdSi4EFMCyJyylrFiac.Xe', 'r', 'r@r', '서울 강남구 가로수길 5 (신사동)', '1111', 1, 1, 1, 1),
	(52, '$2a$10$Gn92sfaV3iyxzOIVeKQph.Zv82qLJTbLBWPH94mLgmU7Ytpse0aTe', 'AAA', 'e@e', '서울 강남구 남부순환로 2907 (대치동, 대치지구대)', '111', 1, 1, 1, 1),
	(53, '$2a$10$cR6Vj6dyJCuDtSOV6I4iK.OY26yD.dItpYz7SCLqnZBKLY5bPWk8.', 'l', 'l@l', '충북 청주시 서원구 1순환로 627 (사창동, 에덴건축)', '1345', 1, 1, 1, 1),
	(54, '$2a$10$pq.X0u5/xvymziGoZ./mVuLBuj..00KMAHoVPynaXSlk6Ot9NYPGq', '36', '36@36', '서울 강남구 강남대로 430 (역삼동, 에이비씨마트빌딩)', '01033663366', 1, 1, 1, 1),
	(56, '$2a$10$ag/OtPa7Gd0kx.CZ.ipp0u3tv.eBwWBEWlaUxx64fdAK7wkZXJBFy', 'abc', 'abc@abc', '서울 강남구 논현로 429 (역삼동, C and C빌딩)', '01034567877', 1, 1, 1, 1);
/*!40000 ALTER TABLE `user` ENABLE KEYS */;

/*!40101 SET SQL_MODE=IFNULL(@OLD_SQL_MODE, '') */;
/*!40014 SET FOREIGN_KEY_CHECKS=IF(@OLD_FOREIGN_KEY_CHECKS IS NULL, 1, @OLD_FOREIGN_KEY_CHECKS) */;
/*!40101 SET CHARACTER_SET_CLIENT=@OLD_CHARACTER_SET_CLIENT */;
